00_success/exec_dyn_load_alias_imports/run.sh	632c403d287e9f86b44cbd38432f373a4703ca7f
00_success/exec_dyn_load_bridge_contract_validation/run.sh	d9d1b34919844c02a15e2ed949e27e211665a229
00_success/exec_dyn_load_bridge_scoped_exports/run.sh	4894702d5e5074d8eee42a0e017d521030e24ace
00_success/exec_dyn_load_chained_groups/run.sh	41e8b66cfa3915b2e11ee920f6c916961a2742e1
00_success/exec_dyn_load_chunked_string/run.sh	7b592e93fff82e6c6e564e10f8eed6d2362baac7
00_success/exec_dyn_load_curried_signature/run.sh	63345437ca63b86b98b2d345af7348f3c79a1984
00_success/exec_dyn_load_diagnostics/run.sh	5fee667207aed6177471eaafd8962b7a9568fb64
00_success/exec_dyn_load_exact_descriptors/run.sh	3caaa55c6c8eb18aad071900a784996af089f45a
00_success/exec_dyn_load_existential_projector/run.sh	8fb40a3423d99521a0e8019bf9970f3f6fd1f161
00_success/exec_dyn_load_float_exponent/run.sh	1c78d9124b64c985a18915a3bad27e342c6815c5
00_success/exec_dyn_load_host_callback/run.sh	84d0f2c3cb604979ca5f6e089d36b047fc76e651
00_success/exec_dyn_load_integration/run.sh	97a92d7fed85adb06d0ab4ed6159b5f099812992
00_success/exec_dyn_load_keyword_named_decls/run.sh	77963ff470999a1f34af8e88e29b9526720177a1
00_success/exec_dyn_load_lambda_return_annotation/run.sh	263994345bdd23f7f18c3aa32b82c9bd716a5820
00_success/exec_dyn_load_late_local_newtype/run.sh	6f0c608a5ac1ff58a6883a1c71de31b34676fa4c
00_success/exec_dyn_load_loop_reentry/run.sh	7abf55067ac4cab41ec864e25e051a4dd12de19c
00_success/exec_dyn_load_package_alias_resolution/run.sh	03ca250079462a7d00e54a72808d740f236f531c
00_success/exec_dyn_load_pure_fn_modifiers/run.sh	e166261b7fc84833679325c29115314662639511
00_success/exec_dyn_load_qualified_exports/run.sh	767a7ec72d60fc1d5af128a8a24b75ef743c74c7
00_success/exec_dyn_load_rankn_contract/run.sh	c382b24b8e5c0b561ea5af1d105bd30bfc58e838
00_success/exec_dyn_load_scoped_visibility/run.sh	f1c747a0e38e9498753c998a74c2d3c38b2b164b
00_success/exec_dyn_load_string_escapes/run.sh	37df017871c011208a12cce438d6c6235e89e7ef
00_success/exec_dyn_load_type_contract_closure/run.sh	10055c72ec2dbc62d7104e33b84711c0e1351b3c
00_success/exec_dyn_load_type_exports/run.sh	527d5cce90171ea9fe8167048affaebf123ba215
00_success/exec_dyn_load_type_only_application/run.sh	ca87db56a94f061f1c533e0c558d1383e4a5536a
00_success/exec_dyn_load_wrapped_params/run.sh	af57ad77b9a9130636cff4375b3e66d8304ca4ce
