orchestrator	root_scope	declaration
builtin-docs.sh	-	COMPLETE
castle-tests.sh	castles	COMPLETE
contrib-tests.sh	contrib	COMPLETE
devcontainer-lifecycle.sh	-	COMPLETE
emissions-tests.sh	emissions	COMPLETE
fmt-canonical-tree.sh	-	COMPLETE
fmt-comment-conservation.sh	-	COMPLETE
generative-tests.sh	-	COMPLETE
golden-tests.sh	goldens	COMPLETE
highlight-agreement.sh	-	COMPLETE
highlight-tokens.sh	-	COMPLETE
host-docs-snippets.sh	-	COMPLETE
kiodoc-tests.sh	-	COMPLETE
lsp-tests.sh	-	COMPLETE
poc-tests.sh	poc	COMPLETE
runner-cache-hermeticity.sh	-	COMPLETE
rust-output-determinism.sh	-	COMPLETE
smoke-reports.sh	-	COMPLETE
vscode-e2e.sh	-	COMPLETE
website-e2e.sh	-	COMPLETE
